TS,VAL
2026-03-17 00:00:00,46.999391113916644
2026-03-17 00:01:00,48.72110632502529
2026-03-17 00:02:00,53.324355600219576
2026-03-17 00:03:00,50.3310860292263
2026-03-17 00:04:00,52.47212865790155
2026-03-17 00:05:00,49.632467427640215
2026-03-17 00:06:00,47.762639545467366
2026-03-17 00:07:00,53.30076360193321
2026-03-17 00:08:00,53.09798004061347
2026-03-17 00:09:00,52.620142728739346
2026-03-17 00:10:00,51.73448915934381
2026-03-17 00:11:00,51.223106796670955
2026-03-17 00:12:00,50.96166544571128
2026-03-17 00:13:00,54.40295110145228
2026-03-17 00:14:00,51.19405142116717
2026-03-17 00:15:00,50.884821442066745
2026-03-17 00:16:00,49.11874231468755
2026-03-17 00:17:00,55.455463951377034
2026-03-17 00:18:00,51.896805430781775
2026-03-17 00:19:00,52.13074726752462
2026-03-17 00:20:00,53.69735815845594
2026-03-17 00:21:00,56.52491111972493
2026-03-17 00:22:00,47.969525420235705
2026-03-17 00:23:00,47.84615052308933
2026-03-17 00:24:00,52.53722575262558
2026-03-17 00:25:00,53.23424883537168
2026-03-17 00:26:00,50.82597711341029
2026-03-17 00:27:00,49.375746953204455
2026-03-17 00:28:00,53.8279780963425
2026-03-17 00:29:00,49.3176418829913
2026-03-17 00:30:00,52.09580378612976
2026-03-17 00:31:00,51.43493439120354
2026-03-17 00:32:00,51.4772456650245
2026-03-17 00:33:00,51.49121210760484
2026-03-17 00:34:00,52.366983078163074
2026-03-17 00:35:00,53.537610811818375
2026-03-17 00:36:00,49.55337806777666
2026-03-17 00:37:00,50.54095621015115
2026-03-17 00:38:00,53.662237739988775
2026-03-17 00:39:00,49.97219614963552
2026-03-17 00:40:00,56.17285884071874
2026-03-17 00:41:00,53.91847116962095
2026-03-17 00:42:00,56.108669519644735
2026-03-17 00:43:00,49.21987281594614
2026-03-17 00:44:00,50.4249908488088
2026-03-17 00:45:00,49.73936918594506
2026-03-17 00:46:00,53.12410848373728
2026-03-17 00:47:00,52.743238816611324
2026-03-17 00:48:00,52.68786417595064
2026-03-17 00:49:00,54.38416231090588
2026-03-17 00:50:00,55.26846602624352
2026-03-17 00:51:00,54.274397683643855
2026-03-17 00:52:00,55.11333919523524
2026-03-17 00:53:00,56.559277666493095
2026-03-17 00:54:00,54.61904327358158
2026-03-17 00:55:00,53.963450454117066
2026-03-17 00:56:00,54.11531719046461
2026-03-17 00:57:00,55.56798738764733
2026-03-17 00:58:00,57.70851342000806
2026-03-17 00:59:00,51.766472744141005
2026-03-17 01:00:00,57.28757841461746
2026-03-17 01:01:00,54.83238028565262
2026-03-17 01:02:00,53.5391156747794
2026-03-17 01:03:00,56.607519582913895
2026-03-17 01:04:00,55.00699610312755
2026-03-17 01:05:00,57.23989997858649
2026-03-17 01:06:00,57.448128548536786
2026-03-17 01:07:00,58.79974706469835
2026-03-17 01:08:00,57.882494635234934
2026-03-17 01:09:00,55.30358949194849
2026-03-17 01:10:00,56.765329986269435
2026-03-17 01:11:00,55.514295063624395
2026-03-17 01:12:00,57.564209019195495
2026-03-17 01:13:00,54.922569295807826
2026-03-17 01:14:00,56.021851257537875
2026-03-17 01:15:00,56.88359797073717
2026-03-17 01:16:00,58.30980852269775
2026-03-17 01:17:00,56.82254933667606
2026-03-17 01:18:00,55.23086369084161
2026-03-17 01:19:00,55.81964074885917
2026-03-17 01:20:00,55.41511641709122
2026-03-17 01:21:00,56.420330433728736
2026-03-17 01:22:00,54.728196885772164
2026-03-17 01:23:00,59.136230676542226
2026-03-17 01:24:00,54.75949359800765
2026-03-17 01:25:00,56.112046997570296
2026-03-17 01:26:00,57.70641511109387
2026-03-17 01:27:00,57.812212320556185
2026-03-17 01:28:00,55.138083520232115
2026-03-17 01:29:00,54.528961714888325
2026-03-17 01:30:00,58.00399309688628
2026-03-17 01:31:00,55.79419530575511
2026-03-17 01:32:00,56.143034308758075
2026-03-17 01:33:00,57.33011353836175
2026-03-17 01:34:00,57.64183292243079
2026-03-17 01:35:00,57.715403808962215
2026-03-17 01:36:00,59.137108189448966
2026-03-17 01:37:00,60.970097914485805
2026-03-17 01:38:00,60.431886804232136
2026-03-17 01:39:00,56.67969203931862
2026-03-17 01:40:00,57.72996611182456
2026-03-17 01:41:00,56.597253625136325
2026-03-17 01:42:00,56.06660873216974
2026-03-17 01:43:00,55.061464075764185
2026-03-17 01:44:00,61.93984407282191
2026-03-17 01:45:00,58.1626688583381
2026-03-17 01:46:00,57.75311792625435
2026-03-17 01:47:00,57.345796154854625
2026-03-17 01:48:00,58.05024517331713
2026-03-17 01:49:00,57.52681906497719
2026-03-17 01:50:00,55.04631418705756
2026-03-17 01:51:00,55.85115314858086
2026-03-17 01:52:00,56.59325029168463
2026-03-17 01:53:00,59.54426301919831
2026-03-17 01:54:00,56.290616731936886
2026-03-17 01:55:00,58.6697643834971
2026-03-17 01:56:00,57.617241699060834
2026-03-17 01:57:00,59.06758283988045
2026-03-17 01:58:00,56.765856148645966
2026-03-17 01:59:00,57.90960236978653
2026-03-17 02:00:00,57.42934895669436
2026-03-17 02:01:00,60.711121417102696
2026-03-17 02:02:00,56.11997241407772
2026-03-17 02:03:00,57.72260022442584
2026-03-17 02:04:00,56.05501444505739
2026-03-17 02:05:00,59.91502676872294
2026-03-17 02:06:00,56.82878548017389
2026-03-17 02:07:00,55.531747988544204
2026-03-17 02:08:00,57.7014295823193
2026-03-17 02:09:00,56.82360702208276
2026-03-17 02:10:00,56.957977526478764
2026-03-17 02:11:00,61.00822453730945
2026-03-17 02:12:00,57.64997383241597
2026-03-17 02:13:00,58.30282155024586
2026-03-17 02:14:00,61.50541516645376
2026-03-17 02:15:00,55.49344317672063
2026-03-17 02:16:00,56.59809703472323
2026-03-17 02:17:00,61.37729782003575
2026-03-17 02:18:00,60.36022666766983
2026-03-17 02:19:00,60.73319557987067
2026-03-17 02:20:00,57.10891383573788
2026-03-17 02:21:00,61.50271862385592
2026-03-17 02:22:00,61.748205065814275
2026-03-17 02:23:00,57.888387709967596
2026-03-17 02:24:00,60.84772315938893
2026-03-17 02:25:00,59.22226750145391
2026-03-17 02:26:00,61.27214981514402
2026-03-17 02:27:00,60.355562405002146
2026-03-17 02:28:00,58.584095170703705
2026-03-17 02:29:00,62.14473374137383
2026-03-17 02:30:00,58.59450025864574
2026-03-17 02:31:00,58.87654009521788
2026-03-17 02:32:00,60.938487043095904
2026-03-17 02:33:00,61.090031874992476
2026-03-17 02:34:00,60.08912151430484
2026-03-17 02:35:00,61.159322879606236
2026-03-17 02:36:00,62.51458485914497
2026-03-17 02:37:00,57.899644923270806
2026-03-17 02:38:00,58.46682569310514
2026-03-17 02:39:00,61.85294783851281
2026-03-17 02:40:00,58.1291541485303
2026-03-17 02:41:00,62.20079207437332
2026-03-17 02:42:00,57.16492105273865
2026-03-17 02:43:00,61.444775353728446
2026-03-17 02:44:00,60.46937186684845
2026-03-17 02:45:00,55.562330309805105
2026-03-17 02:46:00,62.342502603420826
2026-03-17 02:47:00,62.82521010167145
2026-03-17 02:48:00,59.338088032362386
2026-03-17 02:49:00,54.96329786380746
2026-03-17 02:50:00,55.48936005214144
2026-03-17 02:51:00,62.01709710078405
2026-03-17 02:52:00,60.75818324841607
2026-03-17 02:53:00,62.83948551986045
2026-03-17 02:54:00,60.355517482085915
2026-03-17 02:55:00,63.79521644653876
2026-03-17 02:56:00,59.55039292693619
2026-03-17 02:57:00,60.28029454872465
2026-03-17 02:58:00,61.9907234491945
2026-03-17 02:59:00,60.80467793371856
2026-03-17 03:00:00,59.35277898995804
2026-03-17 03:01:00,61.152786603683666
2026-03-17 03:02:00,60.07546076026008
2026-03-17 03:03:00,56.792956832933044
2026-03-17 03:04:00,60.51678047613987
2026-03-17 03:05:00,59.842363700112465
2026-03-17 03:06:00,59.04671103457625
2026-03-17 03:07:00,55.480031402422796
2026-03-17 03:08:00,57.510348289005094
2026-03-17 03:09:00,63.39270050640003
2026-03-17 03:10:00,61.217853719228586
2026-03-17 03:11:00,61.064494126552034
2026-03-17 03:12:00,57.365205749217
2026-03-17 03:13:00,62.52658198369062
2026-03-17 03:14:00,62.61095525009089
2026-03-17 03:15:00,61.54841663721794
2026-03-17 03:16:00,61.31397350123559
2026-03-17 03:17:00,58.561847429148095
2026-03-17 03:18:00,57.52903490919263
2026-03-17 03:19:00,61.87321548264539
2026-03-17 03:20:00,57.995461933526045
2026-03-17 03:21:00,62.71929606701139
2026-03-17 03:22:00,56.70460299350277
2026-03-17 03:23:00,62.23437262491184
2026-03-17 03:24:00,56.78714391945344
2026-03-17 03:25:00,60.547142324365424
2026-03-17 03:26:00,60.15673836063531
2026-03-17 03:27:00,57.545847721138074
2026-03-17 03:28:00,61.140477877735805
2026-03-17 03:29:00,57.4346358086864
2026-03-17 03:30:00,62.08108218178892
2026-03-17 03:31:00,58.27787289996435
2026-03-17 03:32:00,62.124761639931286
2026-03-17 03:33:00,60.608628400313506
2026-03-17 03:34:00,58.10924639167684
2026-03-17 03:35:00,61.213586844975524
2026-03-17 03:36:00,59.03118828768661
2026-03-17 03:37:00,61.6000146219886
2026-03-17 03:38:00,61.29423819676239
2026-03-17 03:39:00,61.21587406649114
2026-03-17 03:40:00,58.843258032098504
2026-03-17 03:41:00,56.28350427918273
2026-03-17 03:42:00,53.477912977824154
2026-03-17 03:43:00,57.718317474290274
2026-03-17 03:44:00,58.80477690931405
2026-03-17 03:45:00,59.7725796476447
2026-03-17 03:46:00,59.74898622377877
2026-03-17 03:47:00,57.711470530130796
2026-03-17 03:48:00,62.02637586818007
2026-03-17 03:49:00,55.88579623935822
2026-03-17 03:50:00,57.40495680682063
2026-03-17 03:51:00,58.661125704929624
2026-03-17 03:52:00,60.14599103295664
2026-03-17 03:53:00,58.10784328607673
2026-03-17 03:54:00,59.664998207558504
2026-03-17 03:55:00,57.164388426571946
2026-03-17 03:56:00,58.76665858469299
2026-03-17 03:57:00,59.61740377432669
2026-03-17 03:58:00,59.68422015800672
2026-03-17 03:59:00,57.37119802149001
2026-03-17 04:00:00,56.70137269023608
2026-03-17 04:01:00,57.247110859395335
2026-03-17 04:02:00,57.88533573664966
2026-03-17 04:03:00,54.67952500103041
2026-03-17 04:04:00,57.92779059044676
2026-03-17 04:05:00,59.81931259557097
2026-03-17 04:06:00,58.59174378659747
2026-03-17 04:07:00,61.13175637016805
2026-03-17 04:08:00,53.90663524758675
2026-03-17 04:09:00,59.69664105999757
2026-03-17 04:10:00,60.43608255639739
2026-03-17 04:11:00,56.80393357941693
2026-03-17 04:12:00,58.78988798316907
2026-03-17 04:13:00,58.78927023867366
2026-03-17 04:14:00,61.173902908052085
2026-03-17 04:15:00,59.18779178961405
2026-03-17 04:16:00,56.47213453098224
2026-03-17 04:17:00,53.62360901727193
2026-03-17 04:18:00,59.70340923768861
2026-03-17 04:19:00,59.66301673576888
2026-03-17 04:20:00,55.0009031856737
2026-03-17 04:21:00,57.41065096993923
2026-03-17 04:22:00,56.07599505943244
2026-03-17 04:23:00,57.85358528474269
2026-03-17 04:24:00,57.91617230049168
2026-03-17 04:25:00,56.056294635363855
2026-03-17 04:26:00,57.12368726274316
2026-03-17 04:27:00,57.507504798539415
2026-03-17 04:28:00,56.07955326456698
2026-03-17 04:29:00,57.849374383625296
2026-03-17 04:30:00,54.7009572293862
2026-03-17 04:31:00,61.224988707618344
2026-03-17 04:32:00,55.378691769978914
2026-03-17 04:33:00,56.72270227627313
2026-03-17 04:34:00,57.88213607618429
2026-03-17 04:35:00,55.58404146915585
2026-03-17 04:36:00,56.3444876233511
2026-03-17 04:37:00,56.14478681935047
2026-03-17 04:38:00,54.550676798527064
2026-03-17 04:39:00,56.524523670723276
2026-03-17 04:40:00,56.289115599856736
2026-03-17 04:41:00,55.59197376399227
2026-03-17 04:42:00,60.49421130775495
2026-03-17 04:43:00,52.88329764405023
2026-03-17 04:44:00,55.61676483309355
2026-03-17 04:45:00,56.21104112389995
2026-03-17 04:46:00,54.16712868166362
2026-03-17 04:47:00,55.78257158192878
2026-03-17 04:48:00,57.014764260633584
2026-03-17 04:49:00,57.16331731766799
2026-03-17 04:50:00,57.16288138449647
2026-03-17 04:51:00,54.367382739543494
2026-03-17 04:52:00,57.91494448131526
2026-03-17 04:53:00,56.922534367819416
2026-03-17 04:54:00,57.11988519559719
2026-03-17 04:55:00,58.105790132374025
2026-03-17 04:56:00,53.26447031813198
2026-03-17 04:57:00,56.999756476116545
2026-03-17 04:58:00,51.38640788152524
2026-03-17 04:59:00,59.267906990431804
2026-03-17 05:00:00,55.40919590285705
2026-03-17 05:01:00,59.64662270950607
2026-03-17 05:02:00,53.12125044445427
2026-03-17 05:03:00,59.05482348431592
2026-03-17 05:04:00,50.48987685161675
2026-03-17 05:05:00,55.93469249775186
2026-03-17 05:06:00,53.633794905794595
2026-03-17 05:07:00,57.32573047174051
2026-03-17 05:08:00,56.063183831122025
2026-03-17 05:09:00,54.127298239159764
2026-03-17 05:10:00,54.43796474761641
2026-03-17 05:11:00,52.104535232326874
2026-03-17 05:12:00,52.48077757663328
2026-03-17 05:13:00,53.84588742439759
2026-03-17 05:14:00,53.31722636031805
2026-03-17 05:15:00,50.39980096091697
2026-03-17 05:16:00,55.91303402782626
2026-03-17 05:17:00,53.450680628555844
2026-03-17 05:18:00,52.77017100637459
2026-03-17 05:19:00,55.53378475403235
2026-03-17 05:20:00,52.952730255478166
2026-03-17 05:21:00,52.95387198816878
2026-03-17 05:22:00,52.450268137507614
2026-03-17 05:23:00,54.53174932905909
2026-03-17 05:24:00,51.88218235606186
2026-03-17 05:25:00,53.592492362900494
2026-03-17 05:26:00,52.98553503164483
2026-03-17 05:27:00,53.24979672328153
2026-03-17 05:28:00,54.63306441712856
2026-03-17 05:29:00,55.62776723005654
2026-03-17 05:30:00,51.43242807040131
2026-03-17 05:31:00,52.48146297762423
2026-03-17 05:32:00,53.02910908097875
2026-03-17 05:33:00,53.046491927116115
2026-03-17 05:34:00,50.90764237301751
2026-03-17 05:35:00,49.56940947338182
2026-03-17 05:36:00,50.24004124660833
2026-03-17 05:37:00,51.25534681243617
2026-03-17 05:38:00,59.199023892608885
2026-03-17 05:39:00,56.38413172641045
2026-03-17 05:40:00,51.30810372753463
2026-03-17 05:41:00,55.016338753076376
2026-03-17 05:42:00,50.47848875923077
2026-03-17 05:43:00,47.45645852885459
2026-03-17 05:44:00,52.04641938659547
2026-03-17 05:45:00,52.82270279140981
2026-03-17 05:46:00,52.19347169113924
2026-03-17 05:47:00,49.603274193520576
2026-03-17 05:48:00,49.872308605246914
2026-03-17 05:49:00,52.148701795988245
2026-03-17 05:50:00,49.7008747722876
2026-03-17 05:51:00,48.96599305438883
2026-03-17 05:52:00,49.16081974742625
2026-03-17 05:53:00,49.77524362917687
2026-03-17 05:54:00,52.51713458118206
2026-03-17 05:55:00,53.03422893699669
2026-03-17 05:56:00,48.48670809309974
2026-03-17 05:57:00,48.53086492246661
2026-03-17 05:58:00,48.5538820976243
2026-03-17 05:59:00,48.31631428097126
2026-03-17 06:00:00,53.50048391404016
2026-03-17 06:01:00,50.93276827368155
2026-03-17 06:02:00,46.643743824492326
2026-03-17 06:03:00,46.28185714525933
2026-03-17 06:04:00,50.19290995454464
2026-03-17 06:05:00,50.02218940090317
2026-03-17 06:06:00,49.11552023776139
2026-03-17 06:07:00,50.30538954078802
2026-03-17 06:08:00,45.96278839660846
2026-03-17 06:09:00,50.93754114387028
2026-03-17 06:10:00,48.38419148836292
2026-03-17 06:11:00,48.86804910837591
2026-03-17 06:12:00,48.596314091459426
2026-03-17 06:13:00,50.639914637867314
2026-03-17 06:14:00,46.18209199524654
2026-03-17 06:15:00,46.846222690800744
2026-03-17 06:16:00,46.95652214713528
2026-03-17 06:17:00,45.169041022115266
2026-03-17 06:18:00,46.73407657836141
2026-03-17 06:19:00,48.65516701673677
2026-03-17 06:20:00,49.858333907390914
2026-03-17 06:21:00,47.53905316066827
2026-03-17 06:22:00,52.362301515049786
2026-03-17 06:23:00,49.999268616433824
2026-03-17 06:24:00,48.708574839999905
2026-03-17 06:25:00,46.736271247966926
2026-03-17 06:26:00,45.93629384034657
2026-03-17 06:27:00,45.21873589419914
2026-03-17 06:28:00,48.072625838357226
2026-03-17 06:29:00,46.3213647033151
2026-03-17 06:30:00,48.02344768223778
2026-03-17 06:31:00,45.521864339441215
2026-03-17 06:32:00,44.010048578606366
2026-03-17 06:33:00,48.335050078390516
2026-03-17 06:34:00,46.082240424017414
2026-03-17 06:35:00,45.96950740654396
2026-03-17 06:36:00,49.27190454266606
2026-03-17 06:37:00,47.327605840529905
2026-03-17 06:38:00,47.470839119371924
2026-03-17 06:39:00,45.73822849053898
2026-03-17 06:40:00,45.67161892508665
2026-03-17 06:41:00,46.266510067750275
2026-03-17 06:42:00,47.204378196351335
2026-03-17 06:43:00,44.788997379785464
2026-03-17 06:44:00,45.984799682509276
2026-03-17 06:45:00,43.33838806847571
2026-03-17 06:46:00,45.613688329824505
2026-03-17 06:47:00,43.50708012717769
2026-03-17 06:48:00,43.674579953865184
2026-03-17 06:49:00,45.00339325812841
2026-03-17 06:50:00,47.74022702541475
2026-03-17 06:51:00,44.17912691721631
2026-03-17 06:52:00,44.696376775229496
2026-03-17 06:53:00,44.384575274701845
2026-03-17 06:54:00,45.93032628614396
2026-03-17 06:55:00,45.130203827941884
2026-03-17 06:56:00,44.61137624387803
2026-03-17 06:57:00,44.598525252582284
2026-03-17 06:58:00,42.984557176540015
2026-03-17 06:59:00,43.341339924024375
2026-03-17 07:00:00,41.34685182361951
2026-03-17 07:01:00,44.1583218744821
2026-03-17 07:02:00,46.937609336350356
2026-03-17 07:03:00,44.363593584011355
2026-03-17 07:04:00,46.264550199815936
2026-03-17 07:05:00,41.73967259886096
2026-03-17 07:06:00,44.91350224718718
2026-03-17 07:07:00,40.36130004812561
2026-03-17 07:08:00,45.444749403897944
2026-03-17 07:09:00,46.940465437440544
2026-03-17 07:10:00,44.26171211742537
2026-03-17 07:11:00,44.45916839964075
2026-03-17 07:12:00,44.822926141873324
2026-03-17 07:13:00,44.12929789290929
2026-03-17 07:14:00,44.4129450327532
2026-03-17 07:15:00,41.646509249880054
2026-03-17 07:16:00,41.10898318670999
2026-03-17 07:17:00,44.98767401969329
2026-03-17 07:18:00,43.21944478266533
2026-03-17 07:19:00,45.42685955780475
2026-03-17 07:20:00,42.54346231710659
2026-03-17 07:21:00,40.70617178699326
2026-03-17 07:22:00,43.302598060599905
2026-03-17 07:23:00,41.910387283909856
2026-03-17 07:24:00,46.26269199727586
2026-03-17 07:25:00,44.234558716932895
2026-03-17 07:26:00,45.508749387557586
2026-03-17 07:27:00,41.95590256145485
2026-03-17 07:28:00,45.68046925227607
2026-03-17 07:29:00,43.66716537602516
2026-03-17 07:30:00,44.098200870899845
2026-03-17 07:31:00,41.20962506810754
2026-03-17 07:32:00,44.823192560031536
2026-03-17 07:33:00,42.20416668670282
2026-03-17 07:34:00,40.30223233387747
2026-03-17 07:35:00,44.90410392496793
2026-03-17 07:36:00,43.4615396044635
2026-03-17 07:37:00,39.904945031011515
2026-03-17 07:38:00,42.58181129987831
2026-03-17 07:39:00,40.98547467675542
2026-03-17 07:40:00,43.73399438322391
2026-03-17 07:41:00,43.71582268761984
2026-03-17 07:42:00,42.85157122133226
2026-03-17 07:43:00,41.27889850102864
2026-03-17 07:44:00,43.90432781350687
2026-03-17 07:45:00,40.60023171646634
2026-03-17 07:46:00,41.25314321590297
2026-03-17 07:47:00,37.78630700629071
2026-03-17 07:48:00,40.11825066348741
2026-03-17 07:49:00,43.184085119805765
2026-03-17 07:50:00,38.21750087937828
2026-03-17 07:51:00,42.32727073914569
2026-03-17 07:52:00,39.25323629598559
2026-03-17 07:53:00,41.694884357184456
2026-03-17 07:54:00,43.71133985417259
2026-03-17 07:55:00,40.7174644242218
2026-03-17 07:56:00,39.48755640294949
2026-03-17 07:57:00,39.619773953918575
2026-03-17 07:58:00,41.01411290795558
2026-03-17 07:59:00,43.73637626737443
2026-03-17 08:00:00,41.36960897066029
2026-03-17 08:01:00,41.34365108868699
2026-03-17 08:02:00,40.8363016489294
2026-03-17 08:03:00,45.474848979097715
2026-03-17 08:04:00,43.554402912741836
2026-03-17 08:05:00,38.81081848061881
2026-03-17 08:06:00,42.0570032074659
2026-03-17 08:07:00,42.11392985158561
2026-03-17 08:08:00,41.66696268203289
2026-03-17 08:09:00,41.1853835405476
2026-03-17 08:10:00,43.3300669527845
2026-03-17 08:11:00,39.605116607594624
2026-03-17 08:12:00,39.67953983746243
2026-03-17 08:13:00,37.306214384460944
2026-03-17 08:14:00,40.88795271534819
2026-03-17 08:15:00,39.83080389265836
2026-03-17 08:16:00,42.622964587983724
2026-03-17 08:17:00,44.59824003948003
2026-03-17 08:18:00,40.47636854459091
2026-03-17 08:19:00,39.16412533098751
2026-03-17 08:20:00,70.3707786984194
2026-03-17 08:21:00,71.8201868755028
2026-03-17 08:22:00,69.26648772197115
2026-03-17 08:23:00,72.4561180883345
2026-03-17 08:24:00,69.69875912949593
2026-03-17 08:25:00,69.32842246943798
2026-03-17 08:26:00,68.9242944909204
2026-03-17 08:27:00,71.85198224815522
2026-03-17 08:28:00,72.89099611741871
2026-03-17 08:29:00,73.41058453793312
2026-03-17 08:30:00,35.13417795520297
2026-03-17 08:31:00,38.72907965937625
2026-03-17 08:32:00,39.96064610311583
2026-03-17 08:33:00,43.88718276878363
2026-03-17 08:34:00,40.98431264324732
2026-03-17 08:35:00,37.62153610424851
2026-03-17 08:36:00,40.49549562364804
2026-03-17 08:37:00,40.01167119712908
2026-03-17 08:38:00,43.653364644004654
2026-03-17 08:39:00,36.65207709981332
2026-03-17 08:40:00,39.99370427692157
2026-03-17 08:41:00,41.3482935821736
2026-03-17 08:42:00,35.592678490984845
2026-03-17 08:43:00,38.735750864952635
2026-03-17 08:44:00,37.7776612753108
2026-03-17 08:45:00,43.60550571324631
2026-03-17 08:46:00,40.85678499815298
2026-03-17 08:47:00,41.92240151402482
2026-03-17 08:48:00,41.07776137736616
2026-03-17 08:49:00,37.50411607321504
2026-03-17 08:50:00,41.93064085657283
2026-03-17 08:51:00,40.50829091975926
2026-03-17 08:52:00,35.433810864025084
2026-03-17 08:53:00,35.81601770791344
2026-03-17 08:54:00,38.53575100150607
2026-03-17 08:55:00,40.97144487812344
2026-03-17 08:56:00,40.161223384165844
2026-03-17 08:57:00,39.60139194975737
2026-03-17 08:58:00,36.865295506986584
2026-03-17 08:59:00,36.433153308038975
2026-03-17 09:00:00,40.04786408253593
2026-03-17 09:01:00,38.20129952571199
2026-03-17 09:02:00,40.37514086762338
2026-03-17 09:03:00,38.7052994928715
2026-03-17 09:04:00,36.35408079028092
2026-03-17 09:05:00,42.806542737698884
2026-03-17 09:06:00,40.316435409414964
2026-03-17 09:07:00,42.09721401689408
2026-03-17 09:08:00,38.40519052941257
2026-03-17 09:09:00,37.562974138281675
2026-03-17 09:10:00,35.94336909858902
2026-03-17 09:11:00,40.183002868202045
2026-03-17 09:12:00,39.01775700528371
2026-03-17 09:13:00,42.86631871321739
2026-03-17 09:14:00,41.4910884322348
2026-03-17 09:15:00,40.16449852811126
2026-03-17 09:16:00,40.4006483265844
2026-03-17 09:17:00,40.76495146241813
2026-03-17 09:18:00,42.770273245878265
2026-03-17 09:19:00,40.793839700163495
2026-03-17 09:20:00,36.3539737234493
2026-03-17 09:21:00,42.09391195841494
2026-03-17 09:22:00,39.761305466829356
2026-03-17 09:23:00,38.475176335520175
2026-03-17 09:24:00,43.24125684949922
2026-03-17 09:25:00,41.52510727523411
2026-03-17 09:26:00,42.09993605364447
2026-03-17 09:27:00,42.05891503772111
2026-03-17 09:28:00,38.19561462273174
2026-03-17 09:29:00,42.87788107535064
2026-03-17 09:30:00,39.65221219060646
2026-03-17 09:31:00,36.72234894646003
2026-03-17 09:32:00,39.44818732586898
2026-03-17 09:33:00,40.14176410140868
2026-03-17 09:34:00,41.654352758182895
2026-03-17 09:35:00,39.03887265483675
2026-03-17 09:36:00,39.08919101736307
2026-03-17 09:37:00,45.368283618115406
2026-03-17 09:38:00,39.02031414317215
2026-03-17 09:39:00,39.65729006937946
2026-03-17 09:40:00,38.66194529079232
2026-03-17 09:41:00,40.95419103499135
2026-03-17 09:42:00,40.633395278352836
2026-03-17 09:43:00,37.68269232206471
2026-03-17 09:44:00,40.13829916324379
2026-03-17 09:45:00,40.73603206689335
2026-03-17 09:46:00,43.04580631254139
2026-03-17 09:47:00,43.280888994432324
2026-03-17 09:48:00,42.124647721733574
2026-03-17 09:49:00,38.27895765531299
2026-03-17 09:50:00,41.85867670869045
2026-03-17 09:51:00,39.28110399371528
2026-03-17 09:52:00,37.64489748715036
2026-03-17 09:53:00,38.97048714288636
2026-03-17 09:54:00,37.01591570141956
2026-03-17 09:55:00,38.90814609035166
2026-03-17 09:56:00,41.06433853630373
2026-03-17 09:57:00,42.78483601963665
2026-03-17 09:58:00,41.440983542815005
2026-03-17 09:59:00,41.051145630273076
2026-03-17 10:00:00,40.35282954011601
2026-03-17 10:01:00,38.70511130479407
2026-03-17 10:02:00,39.88145761370527
2026-03-17 10:03:00,42.75599937522986
2026-03-17 10:04:00,40.12495946900744
2026-03-17 10:05:00,42.72916568559379
2026-03-17 10:06:00,41.39508730069647
2026-03-17 10:07:00,40.62878738146057
2026-03-17 10:08:00,40.13618050641446
2026-03-17 10:09:00,45.180606145548744
2026-03-17 10:10:00,42.41926634895866
2026-03-17 10:11:00,43.63329353560862
2026-03-17 10:12:00,39.912237835126525
2026-03-17 10:13:00,41.624261942083045
2026-03-17 10:14:00,44.59987630009644
2026-03-17 10:15:00,43.42482735500324
2026-03-17 10:16:00,37.90834304069665
2026-03-17 10:17:00,41.55396822922843
2026-03-17 10:18:00,42.427395429331995
2026-03-17 10:19:00,42.08783269449527
2026-03-17 10:20:00,43.1425208592479
2026-03-17 10:21:00,42.62194204419402
2026-03-17 10:22:00,41.70065213929841
2026-03-17 10:23:00,41.30436157584832
2026-03-17 10:24:00,41.43352370812281
2026-03-17 10:25:00,43.476403433672814
2026-03-17 10:26:00,45.067927046885536
2026-03-17 10:27:00,43.57195325758836
2026-03-17 10:28:00,39.116512650810755
2026-03-17 10:29:00,44.19970578327127
2026-03-17 10:30:00,44.03982322579178
2026-03-17 10:31:00,41.67779546867516
2026-03-17 10:32:00,44.87088240862794
2026-03-17 10:33:00,42.666048675604756
2026-03-17 10:34:00,41.25866583381345
2026-03-17 10:35:00,45.97646492795525
2026-03-17 10:36:00,45.14963220331125
2026-03-17 10:37:00,45.89114531575867
2026-03-17 10:38:00,42.54217986483605
2026-03-17 10:39:00,44.457425721950884
2026-03-17 10:40:00,42.5461826644973
2026-03-17 10:41:00,43.273290525650815
2026-03-17 10:42:00,44.06943091182116
2026-03-17 10:43:00,44.71780912561634
2026-03-17 10:44:00,45.748956964990946
2026-03-17 10:45:00,43.038139743537265
2026-03-17 10:46:00,43.354992694102044
2026-03-17 10:47:00,41.246284396296865
2026-03-17 10:48:00,44.93033241091588
2026-03-17 10:49:00,45.27672688431758
2026-03-17 10:50:00,44.96382397439579
2026-03-17 10:51:00,48.45903158723796
2026-03-17 10:52:00,44.68637720403653
2026-03-17 10:53:00,46.14806887638097
2026-03-17 10:54:00,45.26222965713969
2026-03-17 10:55:00,45.2321644403971
2026-03-17 10:56:00,46.74095503450576
2026-03-17 10:57:00,45.41166036041199
2026-03-17 10:58:00,45.88107688218485
2026-03-17 10:59:00,45.91382759277617
2026-03-17 11:00:00,44.89086521514045
2026-03-17 11:01:00,46.77299581177909
2026-03-17 11:02:00,42.417095456143976
2026-03-17 11:03:00,47.43124777637432
2026-03-17 11:04:00,44.47896383485315
2026-03-17 11:05:00,44.52824589214501
2026-03-17 11:06:00,46.8654849759701
2026-03-17 11:07:00,45.62708860484276
2026-03-17 11:08:00,44.31303520427732
2026-03-17 11:09:00,41.08293122797794
2026-03-17 11:10:00,46.36359123349637
2026-03-17 11:11:00,46.33534027599123
2026-03-17 11:12:00,48.878321322302895
2026-03-17 11:13:00,46.176518397077935
2026-03-17 11:14:00,50.98339055740339
2026-03-17 11:15:00,48.44822646879898
2026-03-17 11:16:00,44.46655856036674
2026-03-17 11:17:00,43.9865980131284
2026-03-17 11:18:00,45.90958325895392
2026-03-17 11:19:00,48.24617527713195
2026-03-17 11:20:00,46.17690378117531
2026-03-17 11:21:00,50.00092787496253
2026-03-17 11:22:00,44.52416672161416
2026-03-17 11:23:00,48.09024003662901
2026-03-17 11:24:00,48.004343175433796
2026-03-17 11:25:00,45.43426664560007
2026-03-17 11:26:00,43.276069311220084
2026-03-17 11:27:00,47.200456240266625
2026-03-17 11:28:00,47.5705207259488
2026-03-17 11:29:00,48.27424638368631
2026-03-17 11:30:00,48.49304991209082
2026-03-17 11:31:00,49.21721907168188
2026-03-17 11:32:00,48.15072670525505
2026-03-17 11:33:00,47.74822024369027
2026-03-17 11:34:00,49.153910772448455
2026-03-17 11:35:00,45.98329409700459
2026-03-17 11:36:00,46.55364556352398
2026-03-17 11:37:00,46.27134102106022
2026-03-17 11:38:00,48.915955526522005
2026-03-17 11:39:00,49.49575122278202
2026-03-17 11:40:00,47.91608394237077
2026-03-17 11:41:00,45.71959462548325
2026-03-17 11:42:00,44.63513477730868
2026-03-17 11:43:00,45.47546439983046
2026-03-17 11:44:00,47.69043634027298
2026-03-17 11:45:00,48.796779995939865
2026-03-17 11:46:00,48.203396730738895
2026-03-17 11:47:00,49.916779254960865
2026-03-17 11:48:00,51.46121885454505
2026-03-17 11:49:00,52.34156355968402
2026-03-17 11:50:00,49.94260718778261
2026-03-17 11:51:00,48.467171007225026
2026-03-17 11:52:00,43.961022241095186
2026-03-17 11:53:00,50.58097129087821
2026-03-17 11:54:00,47.307369606695005
2026-03-17 11:55:00,48.95417419690152
2026-03-17 11:56:00,50.35795922479564
2026-03-17 11:57:00,53.3358870965718
2026-03-17 11:58:00,48.736088879060944
2026-03-17 11:59:00,49.635689848323295
2026-03-17 12:00:00,50.37051451637051
2026-03-17 12:01:00,49.33676896415881
2026-03-17 12:02:00,48.06452125869381
2026-03-17 12:03:00,50.95643887959655
2026-03-17 12:04:00,49.6007489595451
2026-03-17 12:05:00,47.73614232010526
2026-03-17 12:06:00,52.68877420140177
2026-03-17 12:07:00,52.23105312396768
2026-03-17 12:08:00,47.994656277936095
2026-03-17 12:09:00,48.239426149054594
2026-03-17 12:10:00,48.623991280502516
2026-03-17 12:11:00,50.279789977317535
2026-03-17 12:12:00,49.96590327398452
2026-03-17 12:13:00,51.49799551811391
2026-03-17 12:14:00,48.07708393949528
2026-03-17 12:15:00,54.20618956087313
2026-03-17 12:16:00,50.35739678662103
2026-03-17 12:17:00,52.77007894889522
2026-03-17 12:18:00,50.6482496368015
2026-03-17 12:19:00,56.466804819693344
2026-03-17 12:20:00,52.1298143048437
2026-03-17 12:21:00,51.22307117316486
2026-03-17 12:22:00,53.37037156169791
2026-03-17 12:23:00,55.06914674374932
2026-03-17 12:24:00,54.241353609465364
2026-03-17 12:25:00,52.786377593468885
2026-03-17 12:26:00,49.33299438746044
2026-03-17 12:27:00,52.629656679926676
2026-03-17 12:28:00,53.237739278023774
2026-03-17 12:29:00,51.347273204231286
2026-03-17 12:30:00,53.72023536720302
2026-03-17 12:31:00,57.14975922831166
2026-03-17 12:32:00,52.41452801346945
2026-03-17 12:33:00,51.79066491299427
2026-03-17 12:34:00,50.670655651818294
2026-03-17 12:35:00,54.49479585503895
2026-03-17 12:36:00,51.53290499508375
2026-03-17 12:37:00,54.75946633366532
2026-03-17 12:38:00,53.441320099884244
2026-03-17 12:39:00,53.72242961901934
2026-03-17 12:40:00,55.82216987575501
2026-03-17 12:41:00,54.72332300539887
2026-03-17 12:42:00,54.30141734850952
2026-03-17 12:43:00,54.35995016407841
2026-03-17 12:44:00,51.74587995475163
2026-03-17 12:45:00,55.49307727572562
2026-03-17 12:46:00,56.222701596634266
2026-03-17 12:47:00,51.768773765523
2026-03-17 12:48:00,55.25925520985663
2026-03-17 12:49:00,55.98830022259078
2026-03-17 12:50:00,53.42413419444138
2026-03-17 12:51:00,51.65121428052903
2026-03-17 12:52:00,54.02297754854489
2026-03-17 12:53:00,54.90610899163891
2026-03-17 12:54:00,56.07766136478862
2026-03-17 12:55:00,51.76590633553327
2026-03-17 12:56:00,53.58809603605151
2026-03-17 12:57:00,57.16806338723077
2026-03-17 12:58:00,54.62707322613692
2026-03-17 12:59:00,53.479828465382276
2026-03-17 13:00:00,56.6584258711982
2026-03-17 13:01:00,56.6009120091847
2026-03-17 13:02:00,53.71115887186176
2026-03-17 13:03:00,55.128143067710496
2026-03-17 13:04:00,57.25238228900592
2026-03-17 13:05:00,52.34843056866674
2026-03-17 13:06:00,57.5528685848304
2026-03-17 13:07:00,56.35536877008319
2026-03-17 13:08:00,54.657620035383125
2026-03-17 13:09:00,54.72132280036233
2026-03-17 13:10:00,59.87005710660517
2026-03-17 13:11:00,54.786485712328606
2026-03-17 13:12:00,56.2492589122526
2026-03-17 13:13:00,53.88901073758686
2026-03-17 13:14:00,55.034612867223345
2026-03-17 13:15:00,56.50117155520905
2026-03-17 13:16:00,55.66913994980872
2026-03-17 13:17:00,55.58590980694657
2026-03-17 13:18:00,50.658520179164704
2026-03-17 13:19:00,56.60715898813848
2026-03-17 13:20:00,55.42009489324757
2026-03-17 13:21:00,54.475841156575285
2026-03-17 13:22:00,58.78089398502516
2026-03-17 13:23:00,60.89168379180759
2026-03-17 13:24:00,56.860219378497646
2026-03-17 13:25:00,56.66411605658789
2026-03-17 13:26:00,57.212836671379456
2026-03-17 13:27:00,56.918816162970025
2026-03-17 13:28:00,57.519810559932566
2026-03-17 13:29:00,57.36600072117043
2026-03-17 13:30:00,59.41279402834163
2026-03-17 13:31:00,55.24084918531027
2026-03-17 13:32:00,58.52019330710135
2026-03-17 13:33:00,58.3985142100062
2026-03-17 13:34:00,57.08439099380897
2026-03-17 13:35:00,54.16797807393495
2026-03-17 13:36:00,57.51172910443968
2026-03-17 13:37:00,60.92001764131611
2026-03-17 13:38:00,57.945297881771616
2026-03-17 13:39:00,57.89525818402349
2026-03-17 13:40:00,59.71632705054271
2026-03-17 13:41:00,52.72948303510747
2026-03-17 13:42:00,57.695364021028404
2026-03-17 13:43:00,56.37658760909789
2026-03-17 13:44:00,56.43492929658809
2026-03-17 13:45:00,58.58946730955694
2026-03-17 13:46:00,57.202621534891136
2026-03-17 13:47:00,53.822945249959645
2026-03-17 13:48:00,56.69097668975661
2026-03-17 13:49:00,58.16401342328194
2026-03-17 13:50:00,57.497805619822884
2026-03-17 13:51:00,57.53430631248701
2026-03-17 13:52:00,57.536406243820686
2026-03-17 13:53:00,58.80610275949726
2026-03-17 13:54:00,59.92232724924027
2026-03-17 13:55:00,57.434503109072296
2026-03-17 13:56:00,58.11356509769185
2026-03-17 13:57:00,56.59590348943474
2026-03-17 13:58:00,59.07400820881233
2026-03-17 13:59:00,56.29846268038483
2026-03-17 14:00:00,57.201626061788076
2026-03-17 14:01:00,58.84054312309047
2026-03-17 14:02:00,55.21553061170823
2026-03-17 14:03:00,59.64306628182048
2026-03-17 14:04:00,60.56655699382504
2026-03-17 14:05:00,62.57608939017768
2026-03-17 14:06:00,60.08691328839697
2026-03-17 14:07:00,56.86201080653806
2026-03-17 14:08:00,60.067296147040445
2026-03-17 14:09:00,59.394865887601604
2026-03-17 14:10:00,58.46345240782575
2026-03-17 14:11:00,60.61642846883427
2026-03-17 14:12:00,59.67431716482991
2026-03-17 14:13:00,58.150339235514764
2026-03-17 14:14:00,58.1363716651975
2026-03-17 14:15:00,64.6145913367476
2026-03-17 14:16:00,58.57204487875009
2026-03-17 14:17:00,63.143078063568964
2026-03-17 14:18:00,61.30188205203981
2026-03-17 14:19:00,59.30884545056464
2026-03-17 14:20:00,58.052497322759265
2026-03-17 14:21:00,60.2027621164919
2026-03-17 14:22:00,58.22196816107803
2026-03-17 14:23:00,57.00976331018782
2026-03-17 14:24:00,57.46099902448641
2026-03-17 14:25:00,58.91623410066398
2026-03-17 14:26:00,57.67774781467588
2026-03-17 14:27:00,56.571932357703155
2026-03-17 14:28:00,58.90506868302275
2026-03-17 14:29:00,59.84077652369347
2026-03-17 14:30:00,59.70915948844767
2026-03-17 14:31:00,59.84995306242804
2026-03-17 14:32:00,60.22595032699061
2026-03-17 14:33:00,57.50455044363915
2026-03-17 14:34:00,59.94523438091473
2026-03-17 14:35:00,59.69870890750356
2026-03-17 14:36:00,59.03288068166405
2026-03-17 14:37:00,58.806829803351576
2026-03-17 14:38:00,59.864523194141505
2026-03-17 14:39:00,58.20204475447458
2026-03-17 14:40:00,62.071642700052166
2026-03-17 14:41:00,62.252335286680086
2026-03-17 14:42:00,58.16960129644668
2026-03-17 14:43:00,60.33279725281751
2026-03-17 14:44:00,62.81683843421701
2026-03-17 14:45:00,57.613184247518014
2026-03-17 14:46:00,59.04928269324028
2026-03-17 14:47:00,57.75825120896388
2026-03-17 14:48:00,57.446716832138065
2026-03-17 14:49:00,61.28333336173962
2026-03-17 14:50:00,59.97757310813409
2026-03-17 14:51:00,62.3466225683976
2026-03-17 14:52:00,60.43454924131755
2026-03-17 14:53:00,64.36902467404244
2026-03-17 14:54:00,57.104014497573715
2026-03-17 14:55:00,58.69955311678754
2026-03-17 14:56:00,62.326100243691556
2026-03-17 14:57:00,60.606635109751586
2026-03-17 14:58:00,59.47759428013429
2026-03-17 14:59:00,56.96468840985281
2026-03-17 15:00:00,58.51994882290411
2026-03-17 15:01:00,59.29775742549305
2026-03-17 15:02:00,60.62931258760008
2026-03-17 15:03:00,60.79939186337849
2026-03-17 15:04:00,61.186974129855805
2026-03-17 15:05:00,63.38918335231863
2026-03-17 15:06:00,60.749028894510296
2026-03-17 15:07:00,59.14122294371237
2026-03-17 15:08:00,62.95752821701218
2026-03-17 15:09:00,62.049680746126015
2026-03-17 15:10:00,61.758974220856004
2026-03-17 15:11:00,61.03007105258793
2026-03-17 15:12:00,58.368006089498515
2026-03-17 15:13:00,59.263251141840776
2026-03-17 15:14:00,58.97139064216019
2026-03-17 15:15:00,62.574327622089555
2026-03-17 15:16:00,59.03602007824783
2026-03-17 15:17:00,60.70494140890845
2026-03-17 15:18:00,59.077867125197386
2026-03-17 15:19:00,58.01563443586912
2026-03-17 15:20:00,57.24004882934764
2026-03-17 15:21:00,62.30120618198723
2026-03-17 15:22:00,61.49274557884806
2026-03-17 15:23:00,57.64736984611849
2026-03-17 15:24:00,58.85235052790785
2026-03-17 15:25:00,60.89323374218954
2026-03-17 15:26:00,62.94394216424683
2026-03-17 15:27:00,58.70056309419795
2026-03-17 15:28:00,61.192495507126786
2026-03-17 15:29:00,60.386110500604325
2026-03-17 15:30:00,60.34348815306025
2026-03-17 15:31:00,61.16079906308104
2026-03-17 15:32:00,56.946499653807926
2026-03-17 15:33:00,58.039843695758904
2026-03-17 15:34:00,58.06056744935867
2026-03-17 15:35:00,58.63761023272462
2026-03-17 15:36:00,61.817296380429234
2026-03-17 15:37:00,60.15360419822287
2026-03-17 15:38:00,59.564469527824336
2026-03-17 15:39:00,59.213380484335886
2026-03-17 15:40:00,59.936656190047415
2026-03-17 15:41:00,61.76551315999953
2026-03-17 15:42:00,57.76985718359447
2026-03-17 15:43:00,57.14357251432563
2026-03-17 15:44:00,58.008397401899
2026-03-17 15:45:00,59.715642452105826
2026-03-17 15:46:00,58.84406952701233
2026-03-17 15:47:00,63.76209626239133
2026-03-17 15:48:00,59.408024213937516
2026-03-17 15:49:00,59.98326993967051
2026-03-17 15:50:00,56.23627302931796
2026-03-17 15:51:00,60.40005836102164
2026-03-17 15:52:00,58.13461311180581
2026-03-17 15:53:00,62.0510995053037
2026-03-17 15:54:00,59.935012901112
2026-03-17 15:55:00,59.174154423557844
2026-03-17 15:56:00,62.098932197546404
2026-03-17 15:57:00,56.60317453017401
2026-03-17 15:58:00,57.608511645287564
2026-03-17 15:59:00,56.2107381860692
2026-03-17 16:00:00,58.58328875308421
2026-03-17 16:01:00,60.26684266927562
2026-03-17 16:02:00,62.25843831284664
2026-03-17 16:03:00,55.658029817098836
2026-03-17 16:04:00,59.56763943341757
2026-03-17 16:05:00,61.97833441367097
2026-03-17 16:06:00,57.236882157992085
2026-03-17 16:07:00,59.250919437857746
2026-03-17 16:08:00,57.427411305163496
2026-03-17 16:09:00,53.96091943367278
2026-03-17 16:10:00,59.06270754091123
2026-03-17 16:11:00,57.10959666575248
2026-03-17 16:12:00,60.48366348379293
2026-03-17 16:13:00,56.80251735737392
2026-03-17 16:14:00,58.39716701409641
2026-03-17 16:15:00,57.294109314822485
2026-03-17 16:16:00,57.38104564651076
2026-03-17 16:17:00,60.110387567224535
2026-03-17 16:18:00,59.187731096151445
2026-03-17 16:19:00,59.523296440144186
2026-03-17 16:20:00,64.78117432003998
2026-03-17 16:21:00,59.03208612611303
2026-03-17 16:22:00,57.92972873630038
2026-03-17 16:23:00,58.65950009274539
2026-03-17 16:24:00,59.788259775925944
2026-03-17 16:25:00,53.77255587044097
2026-03-17 16:26:00,60.93822281879694
2026-03-17 16:27:00,59.08915690679088
2026-03-17 16:28:00,58.54757280020432
2026-03-17 16:29:00,57.42409467934
2026-03-17 16:30:00,54.631565030959486
2026-03-17 16:31:00,59.03500075273391
2026-03-17 16:32:00,57.628968891338495
2026-03-17 16:33:00,56.84800061753377
2026-03-17 16:34:00,57.98500094200055
2026-03-17 16:35:00,54.478913596928415
2026-03-17 16:36:00,51.724034135501604
2026-03-17 16:37:00,58.88057958407019
2026-03-17 16:38:00,55.48507296322701
2026-03-17 16:39:00,54.40125771487321
2026-03-17 16:40:00,57.184386165895226
2026-03-17 16:41:00,52.90324841600638
2026-03-17 16:42:00,55.69746802670114
2026-03-17 16:43:00,49.82655067877572
2026-03-17 16:44:00,61.17902992704394
2026-03-17 16:45:00,55.65266095171328
2026-03-17 16:46:00,56.42901533960007
2026-03-17 16:47:00,54.763317881379
2026-03-17 16:48:00,54.3853929729798
2026-03-17 16:49:00,55.69456113328386
2026-03-17 16:50:00,61.08651700432746
2026-03-17 16:51:00,52.52138802299705
2026-03-17 16:52:00,56.289317747513344
2026-03-17 16:53:00,55.21755520454406
2026-03-17 16:54:00,57.42631727450499
2026-03-17 16:55:00,51.994541875287574
2026-03-17 16:56:00,54.50188611340131
2026-03-17 16:57:00,55.582443761996394
2026-03-17 16:58:00,51.5306396028104
2026-03-17 16:59:00,56.74849492025567
2026-03-17 17:00:00,53.57657268566579
2026-03-17 17:01:00,50.18421757969156
2026-03-17 17:02:00,53.27690559403148
2026-03-17 17:03:00,53.385725576094636
2026-03-17 17:04:00,54.92784730920759
2026-03-17 17:05:00,53.612393237048785
2026-03-17 17:06:00,56.165334186527154
2026-03-17 17:07:00,52.21402772723617
2026-03-17 17:08:00,50.15216656839415
2026-03-17 17:09:00,52.02601813204389
2026-03-17 17:10:00,53.95788562803893
2026-03-17 17:11:00,51.41860565196966
2026-03-17 17:12:00,54.56388716708802
2026-03-17 17:13:00,55.24226708662417
2026-03-17 17:14:00,53.47831988591066
2026-03-17 17:15:00,51.63913561300987
2026-03-17 17:16:00,50.15052658823441
2026-03-17 17:17:00,53.51246909175337
2026-03-17 17:18:00,52.203352987838564
2026-03-17 17:19:00,56.27355985953021
2026-03-17 17:20:00,53.68817066441164
2026-03-17 17:21:00,53.64602394048857
2026-03-17 17:22:00,52.716294938220024
2026-03-17 17:23:00,52.81138026707991
2026-03-17 17:24:00,52.233861311546924
2026-03-17 17:25:00,53.915506762902666
2026-03-17 17:26:00,54.34990154526555
2026-03-17 17:27:00,53.88999723180201
2026-03-17 17:28:00,51.01391182233666
2026-03-17 17:29:00,51.40500480979765
2026-03-17 17:30:00,53.36716622709738
2026-03-17 17:31:00,56.07975274556432
2026-03-17 17:32:00,53.36616699470464
2026-03-17 17:33:00,58.500406162867634
2026-03-17 17:34:00,51.681552711888806
2026-03-17 17:35:00,54.69446679897488
2026-03-17 17:36:00,52.35471758600563
2026-03-17 17:37:00,51.899785826122894
2026-03-17 17:38:00,52.380236169060396
2026-03-17 17:39:00,51.47173064981145
2026-03-17 17:40:00,52.5776840763037
2026-03-17 17:41:00,47.35848651934235
2026-03-17 17:42:00,51.47493751163262
2026-03-17 17:43:00,54.087248722824334
2026-03-17 17:44:00,47.994608042874646
2026-03-17 17:45:00,51.439288482337616
2026-03-17 17:46:00,46.462319904783946
2026-03-17 17:47:00,52.50551055921663
2026-03-17 17:48:00,49.30149893906759
2026-03-17 17:49:00,51.6340565961913
2026-03-17 17:50:00,50.57586179602054
2026-03-17 17:51:00,50.876149680207
2026-03-17 17:52:00,54.09737026487009
2026-03-17 17:53:00,49.66144851941261
2026-03-17 17:54:00,47.8421576187306
2026-03-17 17:55:00,48.600547696677936
2026-03-17 17:56:00,51.51580138821786
2026-03-17 17:57:00,50.97995281813985
2026-03-17 17:58:00,48.09956317665635
2026-03-17 17:59:00,52.94065136785774
2026-03-17 18:00:00,50.780939765145575
2026-03-17 18:01:00,47.3217542552732
2026-03-17 18:02:00,51.656762396593095
2026-03-17 18:03:00,47.38076162252034
2026-03-17 18:04:00,48.11199464079155
2026-03-17 18:05:00,51.66056657912833
2026-03-17 18:06:00,47.49710230660347
2026-03-17 18:07:00,49.15039999481842
2026-03-17 18:08:00,51.211285406235916
2026-03-17 18:09:00,50.88323802047268
2026-03-17 18:10:00,48.012029351072215
2026-03-17 18:11:00,51.02553841121383
2026-03-17 18:12:00,51.933693628977316
2026-03-17 18:13:00,48.32586182065542
2026-03-17 18:14:00,50.6488953051858
2026-03-17 18:15:00,48.41658709002372
2026-03-17 18:16:00,52.3176491167182
2026-03-17 18:17:00,47.84666406914779
2026-03-17 18:18:00,46.41636148185061
2026-03-17 18:19:00,47.26200472074687
2026-03-17 18:20:00,21.59238374085014
2026-03-17 18:21:00,22.951704659207522
2026-03-17 18:22:00,22.571287682715806
2026-03-17 18:23:00,25.219382547359757
2026-03-17 18:24:00,22.091086473229467
2026-03-17 18:25:00,24.027367961535965
2026-03-17 18:26:00,24.797750807809877
2026-03-17 18:27:00,23.811296537650875
2026-03-17 18:28:00,20.497474346155016
2026-03-17 18:29:00,22.37657232150243
2026-03-17 18:30:00,48.898241044979784
2026-03-17 18:31:00,47.182604391760165
2026-03-17 18:32:00,48.285470747385894
2026-03-17 18:33:00,43.16868895184394
2026-03-17 18:34:00,45.77766562831293
2026-03-17 18:35:00,46.55162458380729
2026-03-17 18:36:00,48.363231366071574
2026-03-17 18:37:00,46.35974077798748
2026-03-17 18:38:00,48.33452427282613
2026-03-17 18:39:00,47.741757556156635
2026-03-17 18:40:00,45.20454192427755
2026-03-17 18:41:00,42.80827016007605
2026-03-17 18:42:00,45.404861682793985
2026-03-17 18:43:00,47.69079260048837
2026-03-17 18:44:00,45.96012662611509
2026-03-17 18:45:00,47.783211948923935
2026-03-17 18:46:00,45.49122995361615
2026-03-17 18:47:00,46.248993931773576
2026-03-17 18:48:00,46.22926192554476
2026-03-17 18:49:00,47.22409024216798
2026-03-17 18:50:00,46.35352231221912
2026-03-17 18:51:00,44.41184205865494
2026-03-17 18:52:00,44.69625196385797
2026-03-17 18:53:00,47.99623136709668
2026-03-17 18:54:00,46.588856832424995
2026-03-17 18:55:00,47.3662787950861
2026-03-17 18:56:00,44.00227948731198
2026-03-17 18:57:00,43.06772244004526
2026-03-17 18:58:00,46.823002346429575
2026-03-17 18:59:00,45.780004668263345
2026-03-17 19:00:00,44.549059809016555
2026-03-17 19:01:00,47.930591377755235
2026-03-17 19:02:00,42.3004712582921
2026-03-17 19:03:00,46.55510487621026
2026-03-17 19:04:00,40.54266000182644
2026-03-17 19:05:00,44.22211832823526
2026-03-17 19:06:00,47.905993602268836
2026-03-17 19:07:00,44.43918227372099
2026-03-17 19:08:00,42.22863494537839
2026-03-17 19:09:00,44.87144955500091
2026-03-17 19:10:00,43.29187463439931
2026-03-17 19:11:00,42.81845979385063
2026-03-17 19:12:00,43.62490003850234
2026-03-17 19:13:00,46.27746583080624
2026-03-17 19:14:00,41.821913164861435
2026-03-17 19:15:00,45.08234876161323
2026-03-17 19:16:00,43.237751808995526
2026-03-17 19:17:00,42.502708684817
2026-03-17 19:18:00,46.06697606926478
2026-03-17 19:19:00,44.6001927579313
2026-03-17 19:20:00,41.157872075795225
2026-03-17 19:21:00,44.005197502230885
2026-03-17 19:22:00,45.52292203524681
2026-03-17 19:23:00,40.741331726996656
2026-03-17 19:24:00,38.28663973337302
2026-03-17 19:25:00,40.24302001954608
2026-03-17 19:26:00,42.35067316677219
2026-03-17 19:27:00,41.91601127292786
2026-03-17 19:28:00,41.785163633399264
2026-03-17 19:29:00,42.03808986163963
2026-03-17 19:30:00,40.41893728010566
2026-03-17 19:31:00,45.49115075605235
2026-03-17 19:32:00,41.793212224376546
2026-03-17 19:33:00,42.4520711288004
2026-03-17 19:34:00,42.32222447732553
2026-03-17 19:35:00,40.96112596637147
2026-03-17 19:36:00,39.20837593663821
2026-03-17 19:37:00,44.479457344545665
2026-03-17 19:38:00,41.830183577484455
2026-03-17 19:39:00,42.62498487070962
2026-03-17 19:40:00,42.649146192598785
2026-03-17 19:41:00,42.819455174344256
2026-03-17 19:42:00,43.99860129571492
2026-03-17 19:43:00,41.939726483972734
2026-03-17 19:44:00,43.30309722224159
2026-03-17 19:45:00,39.050914821846916
2026-03-17 19:46:00,45.58240012039875
2026-03-17 19:47:00,42.57116544794083
2026-03-17 19:48:00,43.29145447543149
2026-03-17 19:49:00,42.17257986590103
2026-03-17 19:50:00,40.397989011732285
2026-03-17 19:51:00,42.685628221423734
2026-03-17 19:52:00,43.231656140734664
2026-03-17 19:53:00,40.20975917628812
2026-03-17 19:54:00,46.28715942346031
2026-03-17 19:55:00,43.71429962207491
2026-03-17 19:56:00,43.20899724849177
2026-03-17 19:57:00,40.549753363409394
2026-03-17 19:58:00,39.98931528647922
2026-03-17 19:59:00,38.90774562962525
2026-03-17 20:00:00,39.35958059335891
2026-03-17 20:01:00,41.606518388965874
2026-03-17 20:02:00,41.21074723923709
2026-03-17 20:03:00,40.563623514049084
2026-03-17 20:04:00,40.943907202805065
2026-03-17 20:05:00,38.69927989675148
2026-03-17 20:06:00,41.40035729280666
2026-03-17 20:07:00,39.82969905711213
2026-03-17 20:08:00,39.525972175794934
2026-03-17 20:09:00,40.569693510639325
2026-03-17 20:10:00,42.4631323663901
2026-03-17 20:11:00,38.53595752869362
2026-03-17 20:12:00,40.81087042960343
2026-03-17 20:13:00,35.86217384065693
2026-03-17 20:14:00,42.089231231391324
2026-03-17 20:15:00,41.4992163646044
2026-03-17 20:16:00,42.03146101739209
2026-03-17 20:17:00,40.47777224032277
2026-03-17 20:18:00,40.91252916320109
2026-03-17 20:19:00,39.56909233571957
2026-03-17 20:20:00,42.61796944511036
2026-03-17 20:21:00,39.068555505400084
2026-03-17 20:22:00,40.555025410879324
2026-03-17 20:23:00,40.34170178192299
2026-03-17 20:24:00,39.15065669864389
2026-03-17 20:25:00,44.843605857985764
2026-03-17 20:26:00,40.946614525898426
2026-03-17 20:27:00,41.77774907367486
2026-03-17 20:28:00,39.933567471348795
2026-03-17 20:29:00,39.39638280938948
2026-03-17 20:30:00,39.44739903460609
2026-03-17 20:31:00,40.15454401000192
2026-03-17 20:32:00,37.99722569117521
2026-03-17 20:33:00,41.06173593556357
2026-03-17 20:34:00,39.17351731624183
2026-03-17 20:35:00,40.41213787549162
2026-03-17 20:36:00,38.588856097595986
2026-03-17 20:37:00,39.520130879492456
2026-03-17 20:38:00,42.520828627264606
2026-03-17 20:39:00,41.70713716020197
2026-03-17 20:40:00,39.27434397155499
2026-03-17 20:41:00,39.309646397846976
2026-03-17 20:42:00,43.62856776559826
2026-03-17 20:43:00,40.42226780036365
2026-03-17 20:44:00,37.781959258627296
2026-03-17 20:45:00,41.56779782195035
2026-03-17 20:46:00,38.39231752734731
2026-03-17 20:47:00,42.0369536150531
2026-03-17 20:48:00,36.476037643697296
2026-03-17 20:49:00,40.40864971070401
2026-03-17 20:50:00,43.0336313982658
2026-03-17 20:51:00,42.011947510285964
2026-03-17 20:52:00,39.5964719490067
2026-03-17 20:53:00,43.81482028267578
2026-03-17 20:54:00,38.96138258768884
2026-03-17 20:55:00,44.4438524077205
2026-03-17 20:56:00,37.4161521100311
2026-03-17 20:57:00,40.29728138144194
2026-03-17 20:58:00,44.08442189349979
2026-03-17 20:59:00,40.084049206374395
2026-03-17 21:00:00,38.176095726319836
2026-03-17 21:01:00,43.809343429255655
2026-03-17 21:02:00,43.46658159037201
2026-03-17 21:03:00,39.393527941206514
2026-03-17 21:04:00,34.76195235619952
2026-03-17 21:05:00,38.458931876989105
2026-03-17 21:06:00,42.761121749166826
2026-03-17 21:07:00,36.321276739129054
2026-03-17 21:08:00,45.36538648331441
2026-03-17 21:09:00,38.57272589143004
2026-03-17 21:10:00,39.753855294527725
2026-03-17 21:11:00,35.85069518494132
2026-03-17 21:12:00,36.97578677144356
2026-03-17 21:13:00,44.141688762013345
2026-03-17 21:14:00,40.085652546860956
2026-03-17 21:15:00,36.49482619099715
2026-03-17 21:16:00,38.57406963043055
2026-03-17 21:17:00,42.467903174777106
2026-03-17 21:18:00,42.328731208263555
2026-03-17 21:19:00,37.46032192020279
2026-03-17 21:20:00,36.112590985046275
2026-03-17 21:21:00,43.55137352811476
2026-03-17 21:22:00,39.53747852960308
2026-03-17 21:23:00,38.62181139925431
2026-03-17 21:24:00,40.59662618718616
2026-03-17 21:25:00,41.88694978896373
2026-03-17 21:26:00,36.117603132730466
2026-03-17 21:27:00,38.054172588409536
2026-03-17 21:28:00,43.518627826047336
2026-03-17 21:29:00,39.11197731454633
2026-03-17 21:30:00,39.577740713326854
2026-03-17 21:31:00,42.50325129401553
2026-03-17 21:32:00,41.040316907202126
2026-03-17 21:33:00,38.6436510886106
2026-03-17 21:34:00,43.12628206021405
2026-03-17 21:35:00,44.813021867546176
2026-03-17 21:36:00,37.34435246272644
2026-03-17 21:37:00,44.941724005029364
2026-03-17 21:38:00,39.84132877410529
2026-03-17 21:39:00,40.388818288876074
2026-03-17 21:40:00,41.72044808844663
2026-03-17 21:41:00,40.51378485172009
2026-03-17 21:42:00,41.834733727445965
2026-03-17 21:43:00,40.454573899520916
2026-03-17 21:44:00,43.71430455268232
2026-03-17 21:45:00,38.97367942481469
2026-03-17 21:46:00,40.52213598648083
2026-03-17 21:47:00,38.21116053258043
2026-03-17 21:48:00,36.209223234591036
2026-03-17 21:49:00,42.885791992760865
2026-03-17 21:50:00,42.833143022503236
2026-03-17 21:51:00,42.204419172228185
2026-03-17 21:52:00,37.5018594875763
2026-03-17 21:53:00,39.53920142575811
2026-03-17 21:54:00,40.67282834407102
2026-03-17 21:55:00,41.54450225394102
2026-03-17 21:56:00,40.083969566485194
2026-03-17 21:57:00,39.93906249206712
2026-03-17 21:58:00,43.54269074766513
2026-03-17 21:59:00,42.55584554815942
2026-03-17 22:00:00,39.7146181087315
2026-03-17 22:01:00,42.48837124671742
2026-03-17 22:02:00,39.96767643663468
2026-03-17 22:03:00,39.41681041621609
2026-03-17 22:04:00,45.58240210666775
2026-03-17 22:05:00,39.73992464208266
2026-03-17 22:06:00,42.04728233510683
2026-03-17 22:07:00,40.80607891338285
2026-03-17 22:08:00,44.36711427970791
2026-03-17 22:09:00,42.81532797270127
2026-03-17 22:10:00,45.43015774608593
2026-03-17 22:11:00,40.2649452418717
2026-03-17 22:12:00,42.47014574346099
2026-03-17 22:13:00,42.06834643500081
2026-03-17 22:14:00,45.839700930323154
2026-03-17 22:15:00,41.115927157946025
2026-03-17 22:16:00,43.14618007331768
2026-03-17 22:17:00,45.307448541115136
2026-03-17 22:18:00,44.12833963178941
2026-03-17 22:19:00,42.752726063696024
2026-03-17 22:20:00,43.11041061004328
2026-03-17 22:21:00,42.95079786922827
2026-03-17 22:22:00,43.9009241791138
2026-03-17 22:23:00,45.52757113361971
2026-03-17 22:24:00,41.60555819037798
2026-03-17 22:25:00,43.854691657675396
2026-03-17 22:26:00,38.860207801415086
2026-03-17 22:27:00,44.136199122431464
2026-03-17 22:28:00,39.772125550044514
2026-03-17 22:29:00,42.26060201712855
2026-03-17 22:30:00,45.29812129892723
2026-03-17 22:31:00,41.808127054795726
2026-03-17 22:32:00,42.77454293074554
2026-03-17 22:33:00,41.962758206068145
2026-03-17 22:34:00,45.399611845488295
2026-03-17 22:35:00,40.12078737389015
2026-03-17 22:36:00,39.330068898164335
2026-03-17 22:37:00,46.06766616554739
2026-03-17 22:38:00,44.14804562877586
2026-03-17 22:39:00,43.943819045691455
2026-03-17 22:40:00,41.53484181400902
2026-03-17 22:41:00,45.54127572313227
2026-03-17 22:42:00,41.408564105393516
2026-03-17 22:43:00,41.14134169422534
2026-03-17 22:44:00,42.9409327942691
2026-03-17 22:45:00,48.56013976881116
2026-03-17 22:46:00,42.15684519524457
2026-03-17 22:47:00,45.02674934517507
2026-03-17 22:48:00,47.68840054459297
2026-03-17 22:49:00,40.81524377543605
2026-03-17 22:50:00,46.20887686144967
2026-03-17 22:51:00,45.76019540764822
2026-03-17 22:52:00,45.85231657068618
2026-03-17 22:53:00,45.310736222276724
2026-03-17 22:54:00,46.184884545397686
2026-03-17 22:55:00,43.50363261315555
2026-03-17 22:56:00,49.79034305893623
2026-03-17 22:57:00,41.93509359492204
2026-03-17 22:58:00,45.014602681800696
2026-03-17 22:59:00,43.14768755941112
2026-03-17 23:00:00,44.659370295362926
2026-03-17 23:01:00,45.53144882401848
2026-03-17 23:02:00,45.3945933373614
2026-03-17 23:03:00,40.95325188471822
2026-03-17 23:04:00,48.65483772634826
2026-03-17 23:05:00,44.14861663242711
2026-03-17 23:06:00,46.12278898187328
2026-03-17 23:07:00,46.0796271364059
2026-03-17 23:08:00,47.3055716087605
2026-03-17 23:09:00,44.84967818415807
2026-03-17 23:10:00,44.100713404389914
2026-03-17 23:11:00,47.85868412034476
2026-03-17 23:12:00,42.04928989838318
2026-03-17 23:13:00,48.2636051761468
2026-03-17 23:14:00,47.634966856660284
2026-03-17 23:15:00,48.8907753013978
2026-03-17 23:16:00,46.50526241042765
2026-03-17 23:17:00,47.8197208601964
2026-03-17 23:18:00,44.07168397366102
2026-03-17 23:19:00,43.37018825466808
2026-03-17 23:20:00,46.30674349536495
2026-03-17 23:21:00,48.962092714151304
2026-03-17 23:22:00,47.03324762583953
2026-03-17 23:23:00,45.14496072652885
2026-03-17 23:24:00,46.771788345124214
2026-03-17 23:25:00,47.91435303095877
2026-03-17 23:26:00,46.12746554959804
2026-03-17 23:27:00,47.20652842449702
2026-03-17 23:28:00,46.92713054343113
2026-03-17 23:29:00,48.63059130783941
2026-03-17 23:30:00,48.819649467874946
2026-03-17 23:31:00,46.02491267872113
2026-03-17 23:32:00,45.90611358695487
2026-03-17 23:33:00,46.63395634936584
2026-03-17 23:34:00,45.35726474327492
2026-03-17 23:35:00,51.02836095291305
2026-03-17 23:36:00,46.37175000935738
2026-03-17 23:37:00,48.80587915405115
2026-03-17 23:38:00,48.01803317436938
2026-03-17 23:39:00,47.250850829825666
2026-03-17 23:40:00,51.916655897318144
2026-03-17 23:41:00,54.346036130082226
2026-03-17 23:42:00,49.50507283409002
2026-03-17 23:43:00,48.966685051072545
2026-03-17 23:44:00,48.997272697298136
2026-03-17 23:45:00,47.43794394056787
2026-03-17 23:46:00,50.21265083170765
2026-03-17 23:47:00,48.96722322084501
2026-03-17 23:48:00,49.10704678797792
2026-03-17 23:49:00,49.46586864838646
2026-03-17 23:50:00,44.749289118489905
2026-03-17 23:51:00,46.39778835715477
2026-03-17 23:52:00,52.96519755849565
2026-03-17 23:53:00,47.983948178978274
2026-03-17 23:54:00,48.6728511437301
2026-03-17 23:55:00,50.28621833790425
2026-03-17 23:56:00,51.75169673936468
2026-03-17 23:57:00,49.584492944950405
2026-03-17 23:58:00,51.14912391210695
2026-03-17 23:59:00,51.14445254195922
